{
  "S0": {
    "Wind": 1.124841810218823e-07,
    "Solar": -1.6613057641192396e-06,
    "Hydro": 0.0,
    "Nuclear": 0.0,
    "Energy_stroage": 5.211799512754387e-08,
    "AE": -7.22862276812265e-08,
    "PEM": -4.36874633746087e-08,
    "SOEC": 0.0,
    "BG": 0.0,
    "CG": 1715987340819.4355,
    "SMR": 223319746493.4769,
    "EXT": 104366553758.9224,
    "AMM_CAP": 904760444453.1118,
    "METH_CAP": 625515635974.6475,
    "HVC": 1814251530239.675
  },
  "S1": {
    "Wind": 364692572330.33124,
    "Solar": 240316526998.5295,
    "Hydro": 0.0,
    "Nuclear": 0.0,
    "Energy_stroage": 221755129400.37793,
    "AE": 210399993663.3226,
    "PEM": 200516146835.56204,
    "SOEC": 0.0,
    "BG": 18680707911.6283,
    "CG": 1118060370149.0955,
    "SMR": 255185903374.76666,
    "EXT": 127132746195.60103,
    "AMM_CAP": 904760444453.1119,
    "METH_CAP": 596222408899.3252,
    "HVC": 1842166963080.454
  },
  "S3": {
    "Wind": 144898739109.90405,
    "Solar": 94044803658.34492,
    "Hydro": 154542692265.8438,
    "Nuclear": 157626840562.1608,
    "Energy_stroage": 84541350492.89142,
    "AE": 114458743336.13591,
    "PEM": 108563621317.7862,
    "SOEC": 119101152262.35349,
    "BG": 123029162867.41165,
    "CG": 1097969718998.3628,
    "SMR": 243045271092.4953,
    "EXT": 127477425567.71289,
    "AMM_CAP": 904760444453.1112,
    "METH_CAP": 608588446354.9194,
    "HVC": 1827743882942.3652
  }
}