{
  "S0": {
    "China": 5388201251739.269,
    "Anhui": 136147145687.98065,
    "Beijing": 42779835434.56635,
    "Chongqing": 42554293637.01034,
    "Fujian": 140080557993.82797,
    "Gansu": 145323826422.34833,
    "Guangdong": 216750024723.0508,
    "Guangxi": 64774176835.99144,
    "Guizhou": 51500733624.437645,
    "Hainan": 37815142883.63378,
    "Hebei": 114619147285.6248,
    "Heilongjiang": 153613154508.4426,
    "Henan": 140641113509.43863,
    "Hubei": 92074245484.71463,
    "Hunan": 7953027181.972211,
    "Inner Mongolia": 906705164060.4619,
    "Jiangsu": 242583508876.56586,
    "Jiangxi": 25239136254.370586,
    "Jilin": 97431244501.8709,
    "Liaoning": 220966073740.69855,
    "Ningxia": 400662026920.64667,
    "Qinghai": 59512287396.44411,
    "Shaanxi": 198086207855.05566,
    "Shandong": 396117501537.7401,
    "Shanghai": 113354288980.85953,
    "Shanxi": 379455839014.502,
    "Sichuan": 156864811079.69485,
    "Tianjin": 107127017037.50385,
    "Xinjiang": 235193760069.3038,
    "Yunnan": 50982450891.129234,
    "Zhejiang": 411293508309.3812
  },
  "S1": {
    "China": 6099889913292.106,
    "Anhui": 140642785652.29367,
    "Beijing": 37856437321.425186,
    "Chongqing": 43850000937.89163,
    "Fujian": 189975525421.1401,
    "Gansu": 168549497346.02917,
    "Guangdong": 189059944797.9434,
    "Guangxi": 60483638863.07864,
    "Guizhou": 51858677280.58619,
    "Hainan": 33592199216.75017,
    "Hebei": 125402500948.45598,
    "Heilongjiang": 142815373614.07907,
    "Henan": 143867402199.5513,
    "Hubei": 90126160108.7434,
    "Hunan": 12295575261.916922,
    "Inner Mongolia": 1248378904396.9592,
    "Jiangsu": 236134777645.05783,
    "Jiangxi": 26374158051.322742,
    "Jilin": 104068147164.31963,
    "Liaoning": 219080570914.22195,
    "Ningxia": 359627108986.9004,
    "Qinghai": 96996139628.96777,
    "Shaanxi": 204045888423.42728,
    "Shandong": 382502347653.52484,
    "Shanghai": 128037054507.28674,
    "Shanxi": 303449472727.9055,
    "Sichuan": 142069324593.91797,
    "Tianjin": 89541834355.1639,
    "Xinjiang": 650237601012.271,
    "Yunnan": 76009894832.94223,
    "Zhejiang": 402960969428.0316
  },
  "S3": {
    "China": 5910392295281.798,
    "Anhui": 155301588056.1054,
    "Beijing": 40713458049.092545,
    "Chongqing": 52242994162.73854,
    "Fujian": 143538845519.0433,
    "Gansu": 168872263915.49567,
    "Guangdong": 245401792768.53186,
    "Guangxi": 80552399207.55463,
    "Guizhou": 76673925816.03009,
    "Hainan": 50160089471.6819,
    "Hebei": 142745532426.86646,
    "Heilongjiang": 103593425676.18277,
    "Henan": 166239945057.2503,
    "Hubei": 105991198063.36401,
    "Hunan": 12528927382.807695,
    "Inner Mongolia": 900200151847.5234,
    "Jiangsu": 334013984024.37537,
    "Jiangxi": 27394144057.952957,
    "Jilin": 81795098454.72865,
    "Liaoning": 289279670220.4052,
    "Ningxia": 227692996572.4306,
    "Qinghai": 61063771516.79006,
    "Shaanxi": 224235879595.09387,
    "Shandong": 448144114851.7787,
    "Shanghai": 116027719196.36221,
    "Shanxi": 308048287655.30774,
    "Sichuan": 298306633553.44714,
    "Tianjin": 93843654125.96016,
    "Xinjiang": 395109542248.5931,
    "Yunnan": 130447625754.81049,
    "Zhejiang": 430232636033.49347
  }
}