{
  "metals_sum": {
    "S1": {
      "Ni": 108674.30671567486,
      "Sc": 0.0,
      "La": 0.0,
      "Y": 0.0,
      "Ti": 32333.45862625485,
      "Pt": 22.4132305403649,
      "Ir": 35.79822327029061,
      "Li": 192137.25686260883
    },
    "S3": {
      "Ni": 54805.83147622649,
      "Sc": 326.27287304233795,
      "La": 1188.8958417651718,
      "Y": 297.22396044129295,
      "Ti": 16763.50628297611,
      "Pt": 11.545050976931478,
      "Ir": 18.732086165608624,
      "Li": 71937.19430966917
    }
  },
  "metals_ratio_peak": {
    "S1": {
      "Ni": 0.0043475473750963535,
      "Sc": 0.0,
      "La": 0.0,
      "Y": 0.0,
      "Pt": 0.01502415286003094,
      "Ir": 0.7704083614504273,
      "Ti": 0.01060068700713278,
      "Li": 0.12445836129660255
    },
    "S3": {
      "Ni": 0.0020325448057102887,
      "Sc": 1.1799686188101293,
      "La": 0.0036024555679836858,
      "Y": 0.015804890849732346,
      "Pt": 0.006933603028030482,
      "Ir": 0.40984701217647734,
      "Ti": 0.005116201718168245,
      "Li": 0.04887108097953788
    }
  }
}